PlayerID,SportsDataID,Status,TeamID,Team,Jersey,PositionCategory,Position,MLBAMID,FirstName,LastName,BatHand,ThrowHand,Height,Weight,BirthDate,BirthCity,BirthState,BirthCountry,HighSchool,College,ProDebut,Salary,PhotoUrl,SportRadarPlayerID,RotoworldPlayerID,RotoWirePlayerID,FantasyAlarmPlayerID,StatsPlayerID,SportsDirectPlayerID,XmlTeamPlayerID,InjuryStatus,InjuryBodyPart,InjuryStartDate,InjuryNotes,FanDuelPlayerID,DraftKingsPlayerID,YahooPlayerID,UpcomingGameID,FanDuelName,DraftKingsName,YahooName,FantasyDraftName
10000001,,Active,32,MIL,57,P,SP,502624,Chase,Anderson,R,R,73,196,11/30/1987 12:00:00 AM,Wichita Falls,TX,USA,,Oklahoma,,,http://static.fantasydata.com/headshots/mlb/low-res/10000001.png,4bdcd59e-2cd5-4d1e-8058-588a72a1f8ae,7333,12419,100318,501567,106019,4645,,,,,38161,501567,9698,47609,Chase Anderson,Chase Anderson,Chase Anderson,Chase Anderson
10000004,,Active,33,SD,38,P,SP,502239,Trevor,Cahill,R,R,76,240,3/1/1988 12:00:00 AM,Oceanside,CA,USA,,,,,http://static.fantasydata.com/headshots/mlb/low-res/10000004.png,d41234eb-9f4c-4393-ab86-44ca0b5bc1f5,4763,9355,100921,326540,43763,5982,,,,,5599,326540,8410,47608,Trevor Cahill,Trevor Cahill,Trevor Cahill,Trevor Cahill
10000005,,Active,14,ARI,40,P,RP,605177,Andrew,Chafin,R,L,74,225,6/17/1990 12:00:00 AM,Kettering,OH,USA,,Kent State,,,http://static.fantasydata.com/headshots/mlb/low-res/10000005.png,c7cc1802-2a2a-4cce-b028-fc69a82d08ae,,12155,100856,597763,113231,9089,,,,,38303,597763,9782,47603,Andrew Chafin,Andrew Chafin,Andrew Chafin,Andrew Chafin
10000006,,Active,26,ATL,55,P,RP,518567,Josh,Collmenter,R,R,76,245,2/7/1986 12:00:00 AM,Marshall,MI,USA,,Central Michigan,,,http://static.fantasydata.com/headshots/mlb/low-res/10000006.png,e1441c11-c416-4492-8dd5-0c8858e3631b,6079,10781,100982,392064,105465,8214,,,,,13173,392064,8904,47602,Josh Collmenter,Josh Collmenter,Josh Collmenter,Josh Collmenter
10000007,,Active,14,ARI,46,P,SP,571578,Patrick,Corbin,L,L,74,210,7/19/1989 12:00:00 AM,Clay,NY,USA,,,,,http://static.fantasydata.com/headshots/mlb/low-res/10000007.png,0764772b-e8ab-42b3-9ee4-2b61af785e75,6415,11033,100029,500846,44032,7575,,,,,13664,500846,9168,47603,Patrick Corbin,Patrick Corbin,Patrick Corbin,Patrick Corbin
10000008,,Minors,14,ARI,12,P,SP,523989,Rubby,De La Rosa,R,R,73,225,3/4/1989 12:00:00 AM,Santo Domingo,,Dominican Republic,,,,,http://static.fantasydata.com/headshots/mlb/low-res/10000008.png,72cfe853-2cdc-4e11-ba5d-ee6916b72d8b,6604,11771,100500,503952,106383,9013,,,,,13031,503952,8941,47603,Rubby de la Rosa,Rubby De La Rosa,Rubby De La Rosa,
10000009,,Active,14,ARI,48,P,RP,517414,Randall,Delgado,R,R,75,220,2/9/1990 12:00:00 AM,Las Tablas,,Panama,,,,,http://static.fantasydata.com/headshots/mlb/low-res/10000009.png,f860c341-7f56-4900-8574-98b3ffcf3f60,,10796,101084,455640,104441,7208,,,,,12920,455640,8847,47603,Randall Delgado,Randall Delgado,Randall Delgado,Randall Delgado
10000011,,Minors,3,TOR,64,P,SP,449173,Lucas,Harrell,S,R,74,205,6/3/1985 12:00:00 AM,Springfield,MO,USA,,,,,http://static.fantasydata.com/headshots/mlb/low-res/10000011.png,e2806637-018b-42a3-8d4e-c86ce4f8baff,5043,9613,101500,253560,43301,,,,,,12468,253560,8775,47604,Lucas Harrell,Lucas Harrell,Lucas Harrell,
10000012,,Active,12,PHI,58,P,SP,476451,Jeremy,Hellickson,R,R,73,203,4/8/1987 12:00:00 AM,Des Moines,IA,USA,,,,,http://static.fantasydata.com/headshots/mlb/low-res/10000012.png,09bb7528-d8a1-4d91-b28e-53a35ce3f678,4930,8842,100043,295725,107235,6265,,,,,10968,295725,8415,47606,Jeremy Hellickson,Jeremy Hellickson,Jeremy Hellickson,Jeremy Hellickson
10000013,,Minors,15,SF,30,P,RP,456696,David,Hernandez,R,R,74,215,5/13/1985 12:00:00 AM,Sacramento,CA,USA,,,,,http://static.fantasydata.com/headshots/mlb/low-res/10000013.png,ab6801a2-e5ce-4773-aed0-0cc0a0363871,5457,9656,100746,295160,43634,6149,,,,,5270,295160,8498,47608,David Hernandez,David HernÃ¡ndez,David HernÃ¡ndez,David Hernández
10000014,,Active,4,PIT,41,P,SP,543339,Daniel,Hudson,R,R,75,230,3/9/1987 12:00:00 AM,Lynchburg,VA,USA,,Old Dominion,,,http://static.fantasydata.com/headshots/mlb/low-res/10000014.png,3d6aef45-a71b-43dc-87ed-85483cd241a3,5911,10645,100256,454564,43861,6949,,,,,6295,454564,8567,47602,Daniel Hudson,Daniel Hudson,Daniel Hudson,Daniel Hudson
10000016,,40 Man Active,13,SEA,,P,RP,605359,Evan,Marshall,R,R,74,225,4/18/1990 12:00:00 AM,Sunnyvale,CA,USA,,Kansas State,,,http://static.fantasydata.com/headshots/mlb/low-res/10000016.png,3f8532e7-dc3a-49f9-815d-c64c4b40d8f8,,12254,100266,597833,113328,9665,,,,,17002,597833,9697,47597,Evan Marshall,Evan Marshall,Evan Marshall,
10000018,,Active,19,BAL,52,P,SP,573064,Vidal,Nuno,L,L,71,210,7/26/1987 12:00:00 AM,National City,CA,USA,,Baker University,,,http://static.fantasydata.com/headshots/mlb/low-res/10000018.png,811dd9ee-65cc-454a-8977-9e043b49bc9d,7435,12837,100558,502887,106057,10496,,,,,38141,502887,9381,47596,Vidal Nuno,Vidal Nuño,Vidal NuÃ±o,Vidal Nuño
10000019,,Active,35,WSH,46,P,RP,424144,Oliver,Perez,L,L,75,224,8/15/1981 12:00:00 AM,Culiacan,,Mexico,,,,,http://static.fantasydata.com/headshots/mlb/low-res/10000019.png,1b5eecd0-90af-451f-a04a-b36b20f0363f,3484,7063,100127,167996,41327,3023,,,,,5683,167996,6945,47606,Oliver Perez,Óliver Pérez,Ã“liver PÃ©rez,Óliver Pérez
10000020,,Active,14,ARI,38,P,SP,592662,Robbie,Ray,L,L,74,195,10/1/1991 12:00:00 AM,Brentwood,TN,USA,,,,,http://static.fantasydata.com/headshots/mlb/low-res/10000020.png,9deda06b-1928-4c58-acf0-717538f576f4,7668,11599,100692,549085,113065,8469,,,,,53029,549085,9691,47603,Robbie Ray,Robbie Ray,Robbie Ray,Robbie Ray
10000021,,Active,18,NYM,43,P,RP,592665,Addison,Reed,L,R,76,230,12/27/1988 12:00:00 AM,Montclair,CA,USA,,San Diego State,,,http://static.fantasydata.com/headshots/mlb/low-res/10000021.png,927c57ff-46e8-4c4c-a6b9-1b2ee47d11fb,6694,11502,100646,548229,109760,8398,,,,,14039,548229,9053,47601,Addison Reed,Addison Reed,Addison Reed,Addison Reed
10000022,,Minors,15,SF,54,P,RP,519186,Matt,Reynolds,L,L,77,240,10/2/1984 12:00:00 AM,Saint Charles,IL,USA,,Austin Peay,,,http://static.fantasydata.com/headshots/mlb/low-res/10000022.png,a0ab9ee0-ece2-4733-ba4f-0d97cab3fbad,,11762,100702,389296,105571,8377,,,,,12504,389296,8788,47608,Matt Reynolds,Matt Reynolds,Matt Reynolds,Matt Reynolds
10000023,,40 Man Active,4,PIT,,P,RP,519263,A.J.,Schugel,R,R,72,200,6/27/1989 12:00:00 AM,Winter Haven,FL,USA,,,,,http://static.fantasydata.com/headshots/mlb/low-res/10000023.png,8bc7b56e-d983-47be-acba-8c68248967d5,,12445,101360,546773,109873,2213,,,,,17133,546773,9927,47602,AJ Schugel,A.J. Schugel,A.J. Schugel,A.J. Schugel
10000026,,Active,22,MIA,29,P,RP,446899,Brad,Ziegler,R,R,76,220,10/10/1979 12:00:00 AM,Pratt,KS,USA,,Missouri State,,,http://static.fantasydata.com/headshots/mlb/low-res/10000026.png,52b785c2-1b9f-439a-a4e0-1e4f1a273507,384,10442,100349,226134,43495,6691,,,,,5722,226134,8262,47601,Brad Ziegler,Brad Ziegler,Brad Ziegler,Brad Ziegler
10000027,,40 Man Active,13,SEA,,IF,C,488912,Tuffy,Gosewisch,R,R,71,200,8/17/1983 12:00:00 AM,Freeport,IL,USA,,Arizona State,,,http://static.fantasydata.com/headshots/mlb/low-res/10000027.png,cc578102-d0ef-4368-81b4-52ca49b7e580,7221,12651,100878,294516,106081,9295,,,,,13425,294516,9479,47597,Tuffy Gosewisch,Tuffy Gosewisch,Tuffy Gosewisch,Tuffy Gosewisch
